,County Name,State,Pupil/Teacher Ratio,Grad Rate
0,Abbeville County,SC,13.49,77.575
1,Acadia Parish,LA,17.92,73.93333333
2,Accomack County,VA,16.26,79.86666667
3,Ada County,ID,19.25,93.75
4,Adair County,OK,13.41,84.55625
5,Adams County,WI,12.58,84.28837209
6,Addison County,VT,11.42,91.775
7,Aiken County,SC,16.41,85.4
8,Aitkin County,MN,13.98,90.425
9,Alachua County,FL,19.48,92.3
10,Alamance County,NC,15.82,83.1
11,Alameda County,CA,22.43,86.7
12,Alamosa County,CO,16.99,84.4
13,Albany County,WY,11.55,93.55555556
14,Albemarle County,VA,13.49,91.08
15,Alcona County,MI,18.95,87.7
16,Alcorn County,MS,15.28,80.26666667
17,Aleutians East Borough,AK,7.97,83.05
18,Aleutians West Census Area,AK,12.26,85.66666667
19,Alexander County,NC,16.02,78.13333333
20,Alexandria city,VA,14.05,91.53333333
21,Alfalfa County,OK,9.99,86.675
22,Alger County,MI,16,89.1
23,Allamakee County,IA,12.82,87.65
24,Allegan County,MI,18.53,89.4
25,Allegany County,NY,10.93,88.28333333
26,Allegheny County,PA,13.74,92.7
27,Allen County,OH,16.56,86.10769231
28,Allen Parish,LA,13.3,76.8
29,Allendale County,SC,14.39,73.9
30,Alpena County,MI,19.63,89.13333333
31,Alpine County,CA,9.65,90.56666667
32,Amador County,CA,20.34,87.9
33,Amelia County,VA,16.79,79.63333333
34,Amherst County,VA,13.17,81.3
35,Anchorage Municipality,AK,17.33,93.15
36,Anderson County,TX,12.72,84.16470588
37,Andrew County,MO,13.5,90.21666667
38,Andrews County,TX,15.37,74.05
39,Androscoggin County,ME,12.99,87.33333333
40,Angelina County,TX,13.94,78.76666667
41,Anne Arundel County,MD,15,90.975
42,Anoka County,MN,17.88,93.2
43,Anson County,NC,15.57,78.46
44,Antelope County,NE,9.16,91.13333333
45,Antrim County,MI,17.81,90.1
46,Apache County,AZ,15.02,76.03333333
47,Appanoose County,IA,12.53,88.7
48,Appling County,GA,14.87,76.43333333
49,Appomattox County,VA,15.26,83.2
50,Aransas County,TX,13.9,84.2
51,Arapahoe County,CO,18.69,91.625
52,Archer County,TX,12.44,86.81666667
53,Archuleta County,CO,17.87,91.7
54,Arenac County,MI,19.34,84.825
55,Arkansas County,AR,11.96,82.6
56,Arlington County,VA,13.71,93.175
57,Armstrong County,TX,9.56,88.71428571
58,Aroostook County,ME,12.62,86.76666667
59,Arthur County,NE,7.03,95.73333333
60,Ascension Parish,LA,16.38,88.4
61,Ashe County,NC,13.36,82.06666667
62,Ashland County,WI,12.25,89.15714286
63,Ashley County,AR,13.38,82.6
64,Ashtabula County,OH,18.44,85.5
65,Asotin County,WA,18.35,89.3
66,Assumption Parish,LA,16.69,71.53333333
67,Atascosa County,TX,14.31,75.43333333
68,Atchison County,MO,7.92,89.58333333
69,Athens County,OH,14.17,89.7
70,Atkinson County,GA,15.27,67.3
71,Atlantic County,NJ,11.65,84.65
72,Atoka County,OK,15.07,81.36666667
73,Attala County,MS,15.34,74.125
74,Audrain County,MO,12.49,84.5
75,Audubon County,IA,13.27,89.6
76,Auglaize County,OH,19.13,91.875
77,Augusta County,VA,14.01,86.25
78,Aurora County,SD,10.24,87.56
79,Austin County,TX,13.91,82.84
80,Autauga County,AL,18.47,86.35
81,Avery County,NC,12.29,81.4
82,Avoyelles Parish,LA,19.89,73.2
83,Baca County,CO,9.39,86.75
84,Bacon County,GA,14.71,73.85
85,Bailey County,TX,12.54,69.73333333
86,Baker County,OR,19.28,83.83636364
87,Baldwin County,GA,17.15,84.3
88,Ballard County,KY,17.02,85
89,Baltimore city,MD,16.28,80.475
90,Baltimore County,MD,15.84,90.15
91,Bamberg County,SC,14.01,77.15
92,Bandera County,TX,14.44,85.8
93,Banks County,GA,13.51,76.575
94,Banner County,NE,7.55,93.825
95,Bannock County,ID,20.36,91.35
96,Baraga County,MI,15.31,82.025
97,Barber County,KS,11.62,92
98,Barbour County,WV,14.14,77.34285714
99,Barnes County,ND,13.04,90.66666667
100,Barnstable County,MA,11.42,95
101,Barnwell County,SC,13.83,79.4
102,Barren County,KY,16.16,80.35
103,Barron County,WI,13.46,89.05
104,Barrow County,GA,14.91,80.7
105,Barry County,MO,13.74,86.46666667
106,Bartholomew County,IN,18.22,89.675
107,Barton County,MO,11.75,86.04285714
108,Bartow County,GA,15.43,80.175
109,Bastrop County,TX,14.58,80.52
110,Bates County,MO,11.59,84.55
111,Bath County,VA,10.19,80.06666667
112,Baxter County,AR,12.78,86.74
113,Bay County,MI,19.1,87.9
114,Bayfield County,WI,10.61,93.85
115,Baylor County,TX,11.08,86.13333333
116,Beadle County,SD,15.27,83.63333333
117,Bear Lake County,ID,18.49,92.025
118,Beaufort County,SC,13.96,88.15
119,Beauregard Parish,LA,11.91,83.975
120,Beaver County,UT,21.8,88.9
121,Beaverhead County,MT,13.97,93.05
122,Becker County,MN,13.96,90.8
123,Beckham County,OK,15.12,83.9
124,Bedford County,VA,15.06,82.3625
125,Bee County,TX,14.29,71.175
126,Belknap County,NH,11.51,90.6
127,Bell County,TX,15.22,79.47777778
128,Belmont County,OH,18.22,88.1
129,Beltrami County,MN,14.33,89.7
130,Ben Hill County,GA,15.6,80.45
131,Benewah County,ID,13.78,86.525
132,Bennett County,SD,11.11,80.15
133,Bennington County,VT,13.55,90.65
134,Benson County,ND,9.02,82.74
135,Bent County,CO,15.07,80.26666667
136,Benton County,WA,19.39,86.87878788
137,Benzie County,MI,18.29,90.75
138,Bergen County,NJ,11.95,91.5
139,Berkeley County,WV,15.29,86.75714286
140,Berks County,PA,14.96,84.8
141,Berkshire County,MA,11.62,90.6
142,Bernalillo County,NM,15.55,87.425
143,Berrien County,MI,17.84,83.64
144,Bertie County,NC,15.86,74.375
145,Bethel Census Area,AK,14.78,79.7
146,Bexar County,TX,15.88,81.7
147,Bibb County,GA,16.66,81.58333333
148,Bienville Parish,LA,8.69,82.45
149,Big Horn County,WY,12.02,86.69090909
150,Big Stone County,MN,12.99,89.48
151,Billings County,ND,7.46,89.96666667
152,Bingham County,ID,18.96,84.9
153,Black Hawk County,IA,13.98,90.65
154,Blackford County,IN,17.68,86.3
155,Bladen County,NC,15.36,76.25
156,Blaine County,OK,13.6,88.60714286
157,Blair County,PA,15.14,90.26
158,Blanco County,TX,11.46,88.675
159,Bland County,VA,13.21,86.26666667
160,Bleckley County,GA,15.88,80.83333333
161,Bledsoe County,TN,15.88,75.93333333
162,Blount County,TN,15.93,82.33333333
163,Blue Earth County,MN,15.42,94.13333333
164,Boise County,ID,11.54,91.55
165,Bolivar County,MS,14.69,74.15
166,Bollinger County,MO,13.81,79
167,Bon Homme County,SD,11.8,88.2
168,Bond County,IL,14.83,87.32
169,Bonner County,ID,16.68,91.1
170,Bonneville County,ID,20.35,91
171,Boone County,WV,14.15,89.55384615
172,Borden County,TX,12.97,91.05
173,Bosque County,TX,11.15,81.73333333
174,Bossier Parish,LA,17.59,88.2
175,Bottineau County,ND,9.61,87.75
176,Boulder County,CO,18.2,94.1
177,Boundary County,ID,17.16,86
178,Bourbon County,KY,15.86,84.83333333
179,Bowie County,TX,12.77,85.96666667
180,Bowman County,ND,9.64,89.4
181,Box Butte County,NE,14.54,90.325
182,Box Elder County,UT,24.44,91.75
183,Boyd County,NE,9.18,90.44285714
184,Boyle County,KY,15.35,85.4
185,Bracken County,KY,16.46,79.8
186,Bradford County,PA,14.42,80.24
187,Bradley County,TN,15.71,80.375
188,Branch County,MI,21.45,87.36666667
189,Brantley County,GA,14.95,77.48333333
190,Braxton County,WV,14.11,78.18
191,Brazoria County,TX,15.7,85.675
192,Brazos County,TX,14.65,85.2
193,Breathitt County,KY,16.12,66.875
194,Breckinridge County,KY,17.07,78.2
195,Bremer County,IA,14.75,94.3
196,Brevard County,FL,14.95,90.83333333
197,Brewster County,TX,11.34,85.26666667
198,Briscoe County,TX,9.39,78.85
199,Bristol Bay Borough,AK,14.3,91.6
200,Bristol County,RI,14.33,84.25
201,Broadwater County,MT,13.09,91.33333333
202,Bronx County,NY,13.39,70.2
203,Brooke County,WV,13.12,90.03333333
204,Brookings County,SD,14.28,93.925
205,Brooks County,TX,15.12,67
206,Broome County,NY,12.93,89.8
207,Broomfield County,CO,20.3,95.9
208,Broward County,FL,16.97,88.03333333
209,Brown County,WI,15.04,88.15
210,Brule County,SD,11.03,86.85
211,Brunswick County,VA,11.62,76.71428571
212,Bryan County,OK,16.82,86.275
213,Buchanan County,VA,13.5,81.225
214,Buckingham County,VA,14.63,70.6
215,Bucks County,PA,14.79,93.1
216,Buena Vista city,VA,14.55,77
217,Buena Vista County,IA,13.8,78.05
218,Buffalo County,WI,13.08,86.68
219,Bullitt County,KY,17.56,85.1
220,Bulloch County,GA,16.16,86.175
221,Bullock County,AL,17.16,65.66666667
222,Buncombe County,NC,14.84,89.85
223,Bureau County,IL,13.21,89.72
224,Burke County,ND,7.46,80.85
225,Burleigh County,ND,15.73,93.45
226,Burleson County,TX,11.66,78.3
227,Burlington County,NJ,12.23,91.4
228,Burnet County,TX,14.19,85.1
229,Burnett County,WI,14.77,91.75
230,Burt County,NE,11.01,90.475
231,Butler County,PA,14.61,85.83076923
232,Butte County,SD,13.48,89.02222222
233,Butts County,GA,15.71,76.2
234,Cabarrus County,NC,16.64,87.85
235,Cabell County,WV,14.77,86.6
236,Cache County,UT,26.38,92.3
237,Caddo County,OK,16.05,84.26666667
238,Caddo Parish,LA,16.69,84.75
239,Calaveras County,CA,22.03,92.3
240,Calcasieu Parish,LA,12.34,83.4
241,Caldwell County,TX,16.19,81.24166667
242,Caldwell Parish,LA,11.24,75.6
243,Caledonia County,VT,10.22,89.975
244,Calhoun County,WV,12.08,81.53157895
245,Callahan County,TX,11.27,87.18
246,Callaway County,MO,12.83,86.03333333
247,Calloway County,KY,16.33,87.3
248,Calumet County,WI,13.95,92.53333333
249,Calvert County,MD,16.79,92.63333333
250,Camas County,ID,7.56,84.65
251,Cambria County,PA,13.71,88.9
252,Camden County,NC,14.67,88.10769231
253,Cameron County,TX,15.58,74.38888889
254,Cameron Parish,LA,10.7,81.9
255,Camp County,TX,11.6,76.86
256,Campbell County,WY,12.96,84.35
257,Canadian County,OK,18.14,91.4
258,Candler County,GA,16.93,74.55
259,Cannon County,TN,14.96,78.76666667
260,Canyon County,ID,19.46,82.95
261,Cape Girardeau County,MO,13.62,89.1
262,Cape May County,NJ,10.6,89.2
263,Carbon County,WY,10.96,89.91666667
264,Caribou County,ID,15.86,91.75
265,Carlisle County,KY,14.2,82.53333333
266,Carlton County,MN,15.57,93.86666667
267,Caroline County,VA,19.68,82.63333333
268,Carroll County,VA,12.89,84.51666667
269,Carson City,NV,18.78,86.86
270,Carson County,TX,10.65,91
271,Carter County,TN,13.94,84.61666667
272,Carteret County,NC,13.92,88.55
273,Carver County,MN,16.39,95.2
274,Cascade County,MT,14.26,90.95
275,Casey County,KY,15.91,70.6
276,Cass County,TX,12.17,89.63928571
277,Cassia County,ID,18.52,79.34
278,Castro County,TX,11.32,70.3
279,Caswell County,NC,14.39,75.95
280,Catahoula Parish,LA,10.54,73.15
281,Catawba County,NC,16.12,82.525
282,Catoosa County,GA,14.61,83.65
283,Catron County,NM,8.2,89.725
284,Cattaraugus County,NY,12.59,87.8
285,Cavalier County,ND,9.91,89.76666667
286,Cayuga County,NY,13.31,86.76666667
287,Cecil County,MD,14,87.4
288,Cedar County,NE,10.63,89.72727273
289,Centre County,PA,12.77,93.03333333
290,Cerro Gordo County,IA,14.76,92.625
291,Chaffee County,CO,13.17,90.5
292,Chambers County,TX,14.45,79.82222222
293,Champaign County,OH,17.75,91.62
294,Chariton County,MO,9.76,85.43333333
295,Charles City County,VA,11.39,76.13333333
296,Charles County,MD,15.01,91.78
297,Charles Mix County,SD,12.14,86.2
298,Charleston County,SC,14.82,88.8
299,Charlevoix County,MI,15.91,92.2
300,Charlotte County,VA,14.5,81.0875
301,Charlottesville city,VA,12.05,88.175
302,Charlton County,GA,15.89,72.225
303,Chase County,NE,12.69,89.76
304,Chatham County,NC,14.42,86.54285714
305,Chattooga County,GA,15.51,70
306,Chautauqua County,NY,12.17,87.17142857
307,Chaves County,NM,16.68,77.53333333
308,Cheatham County,TN,15.16,83.33333333
309,Cheboygan County,MI,15.88,88.525
310,Chelan County,WA,17.1,83.23333333
311,Chemung County,NY,14.59,89.225
312,Chenango County,NY,11.47,86.625
313,Cherokee County,TX,13.63,82.93043478
314,Cherry County,NE,8.92,91.1
315,Chesapeake city,VA,15.38,91.25
316,Cheshire County,NH,11.51,91.54
317,Chester County,TN,16.29,85.12857143
318,Chesterfield County,VA,15.82,82.2
319,Cheyenne County,NE,12.43,92.05
320,Chickasaw County,MS,14.68,80.85
321,Chicot County,AR,9.68,76.56666667
322,Childress County,TX,11.96,85.5
323,Chilton County,AL,17.68,77.525
324,Chippewa County,WI,14.81,89.45384615
325,Chisago County,MN,17.44,92.9
326,Chittenden County,VT,13.05,93.61666667
327,Choctaw County,OK,15.3,77.90833333
328,Chouteau County,MT,9.21,91.35
329,Chowan County,NC,15.35,81.375
330,Christian County,MO,14.2,86.85
331,Churchill County,NV,20.48,88.88
332,Cibola County,NM,15.17,79.3
333,Cimarron County,OK,10.81,81.325
334,Citrus County,FL,15.3,85.78
335,Clackamas County,OR,21.3,93.06666667
336,Claiborne County,TN,13.66,76.9
337,Claiborne Parish,LA,15.45,75.8
338,Clallam County,WA,18.81,91.6
339,Clare County,MI,19.7,83.83333333
340,Clarendon County,SC,16.64,79.2
341,Clarion County,PA,13.41,88.2
342,Clark County,WI,13.47,86.36585366
343,Clarke County,VA,13.94,83.21875
344,Clatsop County,OR,17.86,91.4
345,Clay County,WV,13.61,83.20175439
346,Clayton County,IA,14.45,85.48333333
347,Clear Creek County,CO,13.75,96.85
348,Clearfield County,PA,12.87,86.85
349,Clearwater County,MN,14.5,86.21428571
350,Cleburne County,AR,12.49,77.51111111
351,Clermont County,OH,18.91,88.83333333
352,Cleveland County,OK,18.31,85.675
353,Clinch County,GA,16.87,74.8
354,Clinton County,PA,12.54,86.5
355,Cloud County,KS,11.18,90.73333333
356,Coahoma County,MS,15.22,75.56666667
357,Coal County,OK,13.31,82.85
358,Cobb County,GA,15.41,90.925
359,Cochise County,AZ,21.02,85.46666667
360,Cochran County,TX,9.66,67.96
361,Cocke County,TN,14.19,78.8
362,Coconino County,AZ,20.01,88.03333333
363,Codington County,SD,14.89,91.43333333
364,Coffee County,TN,15.48,81.29
365,Coffey County,KS,11.17,92.5
366,Coke County,TX,10.53,85.53333333
367,Colbert County,AL,15.99,82.6
368,Cole County,MO,11.87,91
369,Coleman County,TX,10.87,80.65
370,Coles County,IL,14.98,89.35
371,Colfax County,NM,11.54,79.9
372,Colleton County,SC,15.98,79.275
373,Collier County,FL,15.63,85.6
374,Collin County,TX,14.83,93.25
375,Collingsworth County,TX,11.22,77.075
376,Colonial Heights city,VA,12.39,88.45
377,Colorado County,TX,12.53,81.85
378,Colquitt County,GA,14.84,72.06
379,Columbia County,WI,13.78,88.208
380,Columbiana County,OH,17.71,86.5
381,Columbus County,NC,15.1,79.96666667
382,Colusa County,CA,20.72,69.325
383,Comal County,TX,16.58,90.3
384,Comanche County,TX,10.87,87.8
385,Concho County,TX,10.64,65.43333333
386,Concordia Parish,LA,11.81,76.75
387,Conecuh County,AL,25.28,77.83333333
388,Conejos County,CO,13.13,82.7
389,Contra Costa County,CA,23.1,88.8
390,Converse County,WY,10.67,91.1
391,Conway County,AR,12.9,84
392,Cook County,MN,12.22,84.64
393,Cooke County,TX,14.38,86.6
394,Cooper County,MO,10.96,88.26666667
395,Coos County,OR,22.12,87.07
396,Coosa County,AL,19.22,74.98
397,Copiah County,MS,17.45,78.45
398,Corson County,SD,10.04,81.85
399,Cortland County,NY,11.09,90.05
400,Coryell County,TX,14.66,87.9
401,Coshocton County,OH,16.63,85
402,Costilla County,CO,11.97,76.45
403,Cottle County,TX,9.03,74
404,Cotton County,OK,14.51,84.825
405,Cottonwood County,MN,12.82,88.1
406,Covington city,VA,13.86,81.8
407,Covington County,MS,15.73,79.1
408,Coweta County,GA,16.11,87.775
409,Cowley County,KS,13.33,89.1
410,Cowlitz County,WA,18.7,87.275
411,Craig County,VA,12.55,84.61666667
412,Craighead County,AR,14.51,85.025
413,Crane County,TX,11.55,71.86666667
414,Craven County,NC,15.81,87.4
415,Crawford County,WI,12.32,84.0974359
416,Creek County,OK,17.06,84.94
417,Crenshaw County,AL,17.44,77.73333333
418,Crisp County,GA,16.09,75.93333333
419,Crittenden County,KY,17.34,78.9
420,Crockett County,TX,11.94,72.18571429
421,Crook County,WY,10.58,89.68
422,Crosby County,TX,10.07,72.4
423,Cross County,AR,12.99,78.675
424,Crow Wing County,MN,16.35,92.3
425,Crowley County,CO,13.9,73.86666667
426,Culberson County,TX,11.92,64.06666667
427,Cullman County,AL,17.32,82.2
428,Culpeper County,VA,14.89,83.7
429,Cumberland County,VA,13.92,84.71818182
430,Cuming County,NE,11.5,88.1
431,Currituck County,NC,15.15,86.8
432,Curry County,OR,18.75,87.08571429
433,Custer County,SD,12.29,91.505
434,Cuyahoga County,OH,15.98,88.1
435,Dade County,MO,10.23,82.18571429
436,Daggett County,UT,13.52,88.52
437,Dakota County,NE,13.29,84.08333333
438,Dallam County,TX,10.53,72.8
439,Dallas County,TX,15.65,81.64666667
440,Dane County,WI,13.91,94.825
441,Daniels County,MT,13.7,94.8
442,Danville city,VA,14.33,78.275
443,Dare County,NC,13.46,92.2
444,Darke County,OH,17.53,86.9
445,Darlington County,SC,16.27,79.45
446,Dauphin County,PA,15.26,88.775
447,Davidson County,TN,17.34,83.6
448,Davie County,NC,14.83,85.3
449,Daviess County,MO,10.13,81.64444444
450,Davis County,UT,26.41,92.25
451,Davison County,SD,14.38,90.8
452,Dawes County,NE,13.04,92.75
453,Dawson County,NE,13.63,84.87142857
454,Day County,SD,13.06,88.475
455,De Baca County,NM,10.16,83.73333333
456,De Soto Parish,LA,15.27,80.33333333
457,De Witt County,IL,14.6,91.3
458,Deaf Smith County,TX,13.6,70.6
459,Dearborn County,IN,17.89,89.5
460,Decatur County,TN,15.43,84.93333333
461,Deer Lodge County,MT,14.31,90.43333333
462,Defiance County,OH,16.19,89.2
463,DeKalb County,TN,14.5,83.73913043
464,Del Norte County,CA,22.33,81.4
465,Delaware County,PA,14.38,88.98125
466,Delta County,TX,12.97,88.50909091
467,Denali Borough,AK,31.26,93.76
468,Dent County,MO,13.15,78.9
469,Denton County,TX,14.95,91.95
470,Denver County,CO,15.32,85.525
471,Des Moines County,IA,14.06,91.12
472,Deschutes County,OR,21.29,93.26666667
473,Desha County,AR,11.33,75.45
474,DeSoto County,MS,17.31,81.15714286
475,Deuel County,SD,12.55,89.3
476,Dewey County,SD,7.22,85.18333333
477,DeWitt County,TX,11.9,77.525
478,Dickens County,TX,9.48,75.46
479,Dickenson County,VA,13.6,69.6
480,Dickey County,ND,13.06,86.98
481,Dickinson County,MI,19.11,92.65833333
482,Dickson County,TN,15.09,82.8
483,Dillingham Census Area,AK,11.06,86.65
484,Dillon County,SC,17.57,70.62
485,Dimmit County,TX,15.59,62.54
486,Dinwiddie County,VA,16.09,81.35
487,Divide County,ND,10.03,89.23333333
488,Dixie County,FL,18.08,76.4
489,Dixon County,NE,10.58,87.33333333
490,Doddridge County,WV,12.83,79.53333333
491,Dodge County,WI,14.94,85.52352941
492,Dolores County,CO,12.68,89.43333333
493,Doniphan County,KS,11.62,89.56
494,Donley County,TX,9.84,84.25
495,Dooly County,GA,16.48,73.575
496,Door County,WI,11.82,93.7
497,Dorchester County,SC,16.54,87.5375
498,Dougherty County,GA,16.5,80.72
499,Douglas County,WI,14.7,88.93142857
500,Drew County,AR,13.05,82.225
501,Dubois County,IN,17.75,86.66
502,Dubuque County,IA,13.6,91.075
503,Duchesne County,UT,21.51,86.3
504,Dukes County,MA,9.01,92.73333333
505,Dundy County,NE,10.18,92.125
506,Dunklin County,MO,13.59,72.275
507,Dunn County,WI,15.91,90.51428571
508,DuPage County,IL,14.95,92.2
509,Duplin County,NC,15.97,71.8
510,Durham County,NC,15.24,87.06666667
511,Dutchess County,NY,13.87,89.65
512,Duval County,TX,13.83,72.125
513,Dyer County,TN,16.18,82
514,Eagle County,CO,15.25,88.36666667
515,Early County,GA,12.78,78.05
516,East Baton Rouge Parish,LA,12.1,88.96666667
517,East Carroll Parish,LA,16.85,68.075
518,East Feliciana Parish,LA,13.65,81.03333333
519,Eastland County,TX,10.91,80.85
520,Eaton County,MI,18.21,93.175
521,Eau Claire County,WI,15.12,92.85
522,Echols County,GA,13.9,68.55
523,Ector County,TX,15.83,74.6
524,Edgar County,IL,13.81,87.4
525,Edgecombe County,NC,15.48,77.15
526,Edgefield County,SC,14.38,81.325
527,Edmonson County,KY,16.81,77.63333333
528,Edmunds County,SD,10.75,86.96
529,Edwards County,TX,8.68,83.00833333
530,Effingham County,IL,14.65,87.88
531,El Dorado County,CA,22.33,92.65
532,El Paso County,TX,16.01,83.7625
533,Elbert County,GA,15.79,90.08333333
534,Elk County,PA,13.58,90.45714286
535,Elkhart County,IN,17.23,80.525
536,Elko County,NV,17.8,83.43333333
537,Elliott County,KY,14.28,72.675
538,Ellis County,TX,14.96,87.52
539,Ellsworth County,KS,12.9,90.38
540,Elmore County,ID,19.02,86
541,Emanuel County,GA,15.36,75.05
542,Emery County,UT,17.39,89.56666667
543,Emmet County,MI,16.51,91.35714286
544,Emmons County,ND,8.82,82.95
545,Emporia city,VA,12.87,73.28
546,Erath County,TX,13.49,83.7
547,Erie County,PA,14.43,89.95555556
548,Escambia County,FL,14.77,82.65714286
549,Esmeralda County,NV,10.71,85.73333333
550,Essex County,VA,12.04,85.46666667
551,Estill County,KY,16.4,74.66666667
552,Etowah County,AL,16.81,82.2
553,Eureka County,NV,9.95,90.1
554,Evangeline Parish,LA,19.2,68.96666667
555,Evans County,GA,15.01,75.74
556,Fairbanks North Star Borough,AK,23.22,93.9
557,Fairfax city,VA,15.19,92.46666667
558,Fairfax County,VA,15.03,91.8
559,Fairfield County,SC,11.11,88.60833333
560,Fall River County,SD,11.83,91.86666667
561,Fallon County,MT,9.25,95.25
562,Falls Church city,VA,14.17,97.23333333
563,Falls County,TX,11.57,75.85
564,Fannin County,TX,12.88,81.44
565,Faribault County,MN,13.7,89.86
566,Faulk County,SD,11.91,90.53333333
567,Faulkner County,AR,15.31,89.825
568,Fauquier County,VA,12.96,90.85
569,Fayette County,WV,13.76,83.12424242
570,Fentress County,TN,15.19,73.76666667
571,Fergus County,MT,10.76,92.15
572,Ferry County,WA,13.58,87.1
573,Fillmore County,NE,8.6,91.35714286
574,Finney County,KS,15.07,71.34
575,Fisher County,TX,9.82,82.275
576,Flagler County,FL,17.4,90.42
577,Flathead County,MT,15,92.83333333
578,Fleming County,KY,16.4,76.55
579,Florence County,WI,10.11,86.225
580,Floyd County,VA,16.19,81.47
581,Foard County,TX,11.38,78.73333333
582,Fond du Lac County,WI,15.17,90.2
583,Ford County,KS,16.51,81.175
584,Forest County,WI,12.86,83.51666667
585,Forrest County,MS,14.13,84.9
586,Forsyth County,NC,15.1,89.9
587,Fort Bend County,TX,16.55,88.58
588,Foster County,ND,10.53,88.2
589,Fountain County,IN,15.62,85.95
590,Franklin city,VA,12.43,78.03333333
591,Franklin County,WA,18.18,85.12714286
592,Franklin Parish,LA,10.84,73.36666667
593,Frederick County,VA,14.58,90.125
594,Fredericksburg city,VA,14.25,90.675
595,Freeborn County,MN,14,87.45
596,Freestone County,TX,12.61,81.1
597,Fremont County,WY,11.77,88.55454545
598,Fresno County,CA,23.62,73.3
599,Frio County,TX,13.3,64.66
600,Frontier County,NE,8.74,94.625
601,Fulton County,PA,12.65,84.99166667
602,Furnas County,NE,10.74,87.63333333
603,Gadsden County,FL,14.37,78.4
604,Gage County,NE,13.31,89.92
605,Gaines County,TX,12.36,60.96666667
606,Galax city,VA,12.66,74.15
607,Gallatin County,MT,15.83,87.39
608,Gallia County,OH,14.04,80.66666667
609,Galveston County,TX,16.18,87.13333333
610,Garden County,NE,11.29,94.4
611,Garfield County,WA,14.43,91.41304348
612,Garland County,AR,14.44,87.16666667
613,Garrett County,MD,13.04,87.2
614,Garvin County,OK,15.09,84.65
615,Garza County,TX,10.61,60.675
616,Gasconade County,MO,14.05,84.05
617,Gaston County,NC,16.8,81.5
618,Gates County,NC,12.67,82.6
619,Geary County,KS,13.6,91.6
620,Geauga County,OH,17.46,90.56
621,Gem County,ID,18.23,84.93333333
622,Genesee County,NY,11.21,89.775
623,Geneva County,AL,17.2,76.775
624,Gentry County,MO,11.11,86.78
625,George County,MS,16.51,82.26666667
626,Georgetown County,SC,14.53,86.05
627,Gibson County,TN,16.16,85.9
628,Gila County,AZ,18.51,83.8
629,Gilchrist County,FL,17.63,81.375
630,Giles County,VA,13.55,80.72857143
631,Gillespie County,TX,13.63,89.3
632,Gilliam County,OR,13.76,89.85
633,Gilmer County,WV,13.11,78.42
634,Gilpin County,CO,12.35,95.625
635,Glacier County,MT,13.05,85
636,Glades County,FL,12.24,75.65
637,Gladwin County,MI,20.12,84.76666667
638,Glascock County,GA,14.24,80.13333333
639,Glasscock County,TX,9.21,78.925
640,Glenn County,CA,20.7,74.3
641,Gloucester County,VA,15.38,90.075
642,Glynn County,GA,16.33,87.45
643,Gogebic County,MI,15.06,91.45
644,Golden Valley County,ND,8.92,91.86666667
645,Goliad County,TX,13.27,87.675
646,Gonzales County,TX,14.62,71.2
647,Goodhue County,MN,15.72,93.1
648,Gooding County,ID,15.44,76.24
649,Gordon County,GA,16.25,74.35
650,Goshen County,WY,10.86,90.5
651,Gosper County,NE,9.4,94.1
652,Gove County,KS,7.55,92.58
653,Grady County,OK,16.81,81.65714286
654,Grafton County,NH,10.12,91.86666667
655,Graham County,NC,13.76,85.32
656,Grainger County,TN,15.84,74.53333333
657,Grand County,UT,17.88,92.0125
658,Grand Forks County,ND,11.73,92.7
659,Grand Isle County,VT,11.15,93.45
660,Grand Traverse County,MI,18.33,93.56666667
661,Granite County,MT,9.01,89.64
662,Grant County,WI,12.87,85.74901961
663,Grant Parish,LA,13.47,80.4
664,Granville County,NC,15.93,80.7
665,Gratiot County,MI,17.49,88.5
666,Graves County,KY,16.25,81.475
667,Gray County,TX,13.55,76.55714286
668,Grays Harbor County,WA,16.62,86
669,Grayson County,VA,13.77,79.34166667
670,Greeley County,NE,8.44,89.87777778
671,Green County,WI,13.25,85.55
672,Green Lake County,WI,13.44,87.4
673,Greenbrier County,WV,14,84.5
674,Greenlee County,AZ,17.84,87.15
675,Greensville County,VA,13.73,72.84
676,Greenup County,KY,17.21,86.8
677,Greenville County,SC,16.51,85.65
678,Greenwood County,SC,15.64,83.91666667
679,Greer County,OK,13.78,80.46666667
680,Gregg County,TX,14.44,83.43333333
681,Gregory County,SD,9.97,87.03333333
682,Griggs County,ND,11.32,87.6
683,Grimes County,TX,12.83,78.275
684,Grundy County,TN,13.76,85.26666667
685,Guadalupe County,TX,16.34,82
686,Guernsey County,OH,15.21,84.72
687,Guilford County,NC,15.73,88.075
688,Gulf County,FL,16.61,80.02
689,Gunnison County,CO,15.59,94.45
690,Guthrie County,IA,12.24,91.93333333
691,Gwinnett County,GA,16.36,87.33333333
692,Haakon County,SD,14.13,89.56666667
693,Habersham County,GA,14.06,78.025
694,Haines Borough,AK,12.88,95.45
695,Hale County,TX,14.17,72.52857143
696,Halifax County,VA,11.63,76.875
697,Hall County,TX,11.42,76.54444444
698,Hamblen County,TN,15.93,80.36666667
699,Hamilton County,TX,11.5,86.73103448
700,Hamlin County,SD,15.26,90.86666667
701,Hampden County,MA,12.89,85.1
702,Hampshire County,WV,15.51,84.27
703,Hampton city,VA,15.21,89.6
704,Hampton County,SC,14.27,77.525
705,Hancock County,WV,14.31,85.905
706,Hand County,SD,10.41,89.06666667
707,Hanover County,VA,14.85,92.4
708,Hansford County,TX,10.3,74.8
709,Hanson County,SD,11.99,93.25
710,Haralson County,GA,14.72,75.43333333
711,Hardee County,FL,16.44,67.3
712,Hardeman County,TX,10.48,76.9
713,Hardin County,TX,14.49,84.465
714,Harding County,SD,9.18,89.9
715,Hardy County,WV,15.51,79.53333333
716,Harford County,MD,14.66,92.36666667
717,Harlan County,NE,10.67,80.86666667
718,Harmon County,OK,14.51,75.96666667
719,Harnett County,NC,16.6,83.65
720,Harney County,OR,16.03,88.86666667
721,Harper County,OK,13.8,85.98
722,Harris County,TX,16.33,85.24285714
723,Harrison County,WV,13.61,85.4952381
724,Harrisonburg city,VA,13.46,84.6
725,Hart County,KY,14.96,75.92857143
726,Hartford County,CT,12.99,89.3
727,Hartley County,TX,13.16,80.1
728,Harvey County,KS,13.5,90.06
729,Haskell County,TX,8.73,73.4125
730,Hawaii County,HI,15.46,91.13333333
731,Hawkins County,TN,14.62,81.05
732,Hayes County,NE,6.12,89.36666667
733,Hays County,TX,15.54,88.82
734,Haywood County,TN,14.93,81.46
735,Heard County,GA,14.54,75.575
736,Hemphill County,TX,11.7,80.86666667
737,Hempstead County,AR,13.66,79.42
738,Henderson County,TX,13.93,84.78666667
739,Hendricks County,IN,18.94,93.5
740,Hendry County,FL,17.78,63.775
741,Hennepin County,MN,15.57,92.7
742,Henrico County,VA,17.41,90.5
743,Henry County,VA,15.55,84.74210526
744,Herkimer County,NY,13.63,89.13333333
745,Hernando County,FL,15.93,86.6
746,Hertford County,NC,15.11,77.35
747,Hettinger County,ND,10.78,88.35
748,Hickman County,TN,13.48,77.68333333
749,Hickory County,MO,12.32,82.45
750,Hidalgo County,TX,15.58,68.44
751,Highland County,VA,9.46,81.425
752,Highlands County,FL,16.78,81.4
753,Hill County,TX,12.44,84.36666667
754,Hillsborough County,NH,13.25,89.45
755,Hillsdale County,MI,17,86.83333333
756,Hinds County,MS,16.49,85.36666667
757,Hinsdale County,CO,10.09,93.95
758,Hitchcock County,NE,11.6,91
759,Hocking County,OH,17.47,86.95
760,Hockley County,TX,12.01,76.7
761,Hodgeman County,KS,10.1,91.6
762,Hoke County,NC,15.29,83.22
763,Holmes County,OH,17.79,68.23333333
764,Holt County,NE,10.14,90.44444444
765,Honolulu County,HI,16.02,90.7
766,Hood County,TX,15.14,87.05
767,Hood River County,OR,18.83,80.3
768,Hooker County,NE,7.77,93.4
769,Hoonah-Angoon Census Area,AK,10.14,90.25
770,Hopewell city,VA,13.78,79.3
771,Hopkins County,TX,12.34,81.58
772,Horry County,SC,16.25,87.86666667
773,Hot Spring County,AR,13.39,82.8
774,Hot Springs County,WY,11.5,90.2
775,Houghton County,MI,16.95,91.86666667
776,Houston County,TX,11.97,84.785
777,Howard County,TX,14.8,86.32083333
778,Howell County,MO,13.03,83.55
779,Hubbard County,MN,14.97,92
780,Hudson County,NJ,12.77,83.15
781,Hudspeth County,TX,10.49,52.525
782,Huerfano County,CO,13.61,86.36
783,Hughes County,SD,15.84,85.2
784,Humboldt County,NV,18.68,87.8
785,Humphreys County,TN,15.19,74.43333333
786,Hunt County,TX,13.96,82.03333333
787,Hunterdon County,NJ,10.12,94.4
788,Huntingdon County,PA,12.67,87.5
789,Huntington County,IN,15.15,88.94
790,Huron County,OH,18.52,87.575
791,Hutchinson County,TX,12.44,85.11428571
792,Hyde County,SD,10.73,84.4375
793,Iberia Parish,LA,17.34,77.65
794,Iberville Parish,LA,12.01,76.13333333
795,Ida County,IA,11.98,91.025
796,Idaho County,ID,14.85,89.2
797,Imperial County,CA,23.17,64.65
798,Independence County,AR,13.63,83.13333333
799,Indian River County,FL,15.86,87.7
800,Indiana County,PA,13.61,88.26666667
801,Ingham County,MI,17.92,91.73333333
802,Inyo County,CA,18.18,88.55
803,Ionia County,MI,18.65,88.6
804,Iosco County,MI,18.58,86.96666667
805,Iowa County,WI,12.42,92.62857143
806,Iredell County,NC,17.02,85.46666667
807,Irion County,TX,9.63,91.7
808,Iron County,WI,11.74,87.16153846
809,Iroquois County,IL,13.39,88.075
810,Irwin County,GA,13.35,80.94
811,Isabella County,MI,15.18,90.75
812,Isanti County,MN,17.04,91.16666667
813,Island County,WA,19.05,94.75
814,Isle of Wight County,VA,16.23,86.45
815,Itasca County,MN,16.23,92.3
816,Itawamba County,MS,14.3,77.35
817,Izard County,AR,12,81.925
818,Jack County,TX,12.57,79.13333333
819,Jackson County,WI,13.7,83.64736842
820,Jackson Parish,LA,11.65,80.73333333
821,James City County,VA,16.85,93.525
822,Jasper County,TX,13.66,85.14444444
823,Jay County,IN,15.72,84.475
824,Jeff Davis County,TX,7.93,80.91666667
825,Jefferson County,WI,14.11,87.51888889
826,Jefferson Davis County,MS,15.31,79.85
827,Jefferson Davis Parish,LA,15.24,78.35
828,Jefferson Parish,LA,17.43,84.4
829,Jenkins County,GA,12.39,77.8
830,Jennings County,IN,16.91,84.6
831,Jerauld County,SD,12.13,85.75
832,Jerome County,ID,18.38,71.96
833,Jersey County,IL,17.92,90.2
834,Jessamine County,KY,16.79,84.86666667
835,Jewell County,KS,11.61,92.55
836,Jim Hogg County,TX,14.23,71.33333333
837,Jim Wells County,TX,15.11,70.85
838,Jo Daviess County,IL,12.49,92
839,Johnson County,WY,10.74,83.44864865
840,Johnston County,OK,14.5,81.75
841,Jones County,TX,10.67,83.04444444
842,Josephine County,OR,21.42,88.95
843,Juab County,UT,23.76,91.2
844,Judith Basin County,MT,6.63,93.86
845,Juneau City and Borough,AK,17.28,95.4
846,Juneau County,WI,12.34,85.63333333
847,Juniata County,PA,14.46,81.4
848,Kalamazoo County,MI,17.82,92.66666667
849,Kalkaska County,MI,17.89,86
850,Kanabec County,MN,14.89,87.9
851,Kanawha County,WV,15.51,87.2
852,Kandiyohi County,MN,15.03,88.5
853,Kane County,UT,19.74,89.025
854,Kankakee County,IL,15.43,86.75
855,Karnes County,TX,11.99,73.2
856,Kauai County,HI,15.67,89.68
857,Kaufman County,TX,15.58,83.6
858,Kay County,OK,17.47,86.225
859,Kearney County,NE,11.53,92.48
860,Kearny County,KS,11.59,77.55
861,Keith County,NE,11.26,90.225
862,Kemper County,MS,14.06,74.28
863,Kenai Peninsula Borough,AK,15.6,92.83333333
864,Kendall County,TX,15.03,92.38333333
865,Kenedy County,TX,6.82,62.7
866,Kennebec County,ME,12.51,91
867,Kenosha County,WI,16.03,89.3
868,Kent County,TX,6.69,87.725
869,Kenton County,KY,17.16,88.46
870,Keokuk County,IA,12.86,90.76666667
871,Kern County,CA,23.19,72.45
872,Kerr County,TX,14.41,87.575
873,Kershaw County,SC,15.89,85.55
874,Ketchikan Gateway Borough,AK,15.86,92.53333333
875,Kewaunee County,WI,14.17,91.3
876,Keweenaw County,MI,11.79,93.4
877,Keya Paha County,NE,5.15,92.12
878,Kidder County,ND,9.63,83.72
879,Kimball County,NE,10.27,86.9
880,Kimble County,TX,12.52,82.5
881,King and Queen County,VA,13.5,85.15
882,King County,WA,18.97,87.6
883,King George County,VA,15.17,91.9
884,Kingfisher County,OK,14.73,86.26666667
885,Kingman County,KS,12.15,90.43333333
886,Kings County,NY,13.9,75.85714286
887,Kingsbury County,SD,11.46,90.53333333
888,Kinney County,TX,10.91,70.375
889,Kiowa County,OK,14.72,88.36363636
890,Kit Carson County,CO,11.88,83.83333333
891,Kitsap County,WA,18.36,93.66666667
892,Kittitas County,WA,18.01,90.7
893,Kittson County,MN,10.66,91.05
894,Klamath County,OR,19.09,87.4
895,Kleberg County,TX,16.12,75.54
896,Klickitat County,WA,15.98,87.43333333
897,Knott County,KY,15.28,69.38
898,Knox County,TX,9.65,85.09615385
899,Kodiak Island Borough,AK,15.21,89.6
900,Koochiching County,MN,14.54,89.4
901,Kootenai County,ID,19.87,92.13333333
902,Kosciusko County,IN,16.32,85.1
903,Kossuth County,IA,14.09,94.1
904,Kusilvak Census Area,AK,14.41,77.95
905,La Crosse County,WI,13.29,94.5
906,La Paz County,AZ,17.89,75.6
907,La Plata County,CO,14.3,94.3
908,La Salle County,TX,12.46,63.7
909,Labette County,KS,13.85,88.35
910,Lac qui Parle County,MN,13.28,91.275
911,Lackawanna County,PA,14.15,89.83333333
912,Laclede County,MO,13.99,81.625
913,Lafayette County,WI,12.02,83.99375
914,Lafayette Parish,LA,17.82,85.06666667
915,Lafourche Parish,LA,13.41,73.54
916,LaGrange County,IN,15.16,63.46666667
917,Lake and Peninsula Borough,AK,7.55,86.7
918,Lake County,TN,13.06,86.61621622
919,Lake of the Woods County,MN,12.5,89.96666667
920,Lamar County,TX,11.51,85.05454545
921,Lamb County,TX,11.77,72.725
922,Lamoille County,VT,11.64,92.03333333
923,LaMoure County,ND,9.37,86.95
924,Lampasas County,TX,14.01,87.9
925,Lancaster County,VA,12.75,86.76363636
926,Lander County,NV,16.73,81.95
927,Lane County,OR,21.59,90.75
928,Langlade County,WI,14.42,88.43333333
929,Lanier County,GA,13.96,77.3
930,Lapeer County,MI,19.26,90.5
931,LaPorte County,IN,16.86,86.5
932,Laramie County,WY,13.21,92.85
933,Larimer County,CO,17.58,95.36666667
934,Larue County,KY,15.84,79.375
935,Las Animas County,CO,15.37,83.65
936,LaSalle County,IL,13.98,88.35
937,LaSalle Parish,LA,11.06,78.75
938,Lassen County,CA,19.76,80.23333333
939,Latah County,ID,15.92,95.36666667
940,Latimer County,OK,14.99,83.75
941,Lauderdale County,TN,14.39,81.34
942,Laurel County,KY,17.81,76.06666667
943,Laurens County,SC,16.19,79.975
944,Lavaca County,TX,12.7,79.65
945,Lawrence County,TN,15.73,81.32424242
946,Le Flore County,OK,15.36,80.45
947,Le Sueur County,MN,15.09,90.525
948,Lea County,NM,17.3,71.53333333
949,Leake County,MS,16.41,76.05
950,Leavenworth County,KS,15.17,91.5
951,Lebanon County,PA,15.59,85.36666667
952,Lee County,VA,12.79,80.43414634
953,Leelanau County,MI,14.86,94.12
954,Lehigh County,PA,15.82,87.075
955,Lemhi County,ID,14.19,90.85
956,Lenawee County,MI,17.52,89.56666667
957,Lenoir County,NC,16.05,79.525
958,Leon County,TX,11.27,85.51666667
959,Leslie County,KY,16.49,60.75
960,Letcher County,KY,15,74.3
961,Levy County,FL,16.53,81.06666667
962,Lewis and Clark County,MT,15.95,94.75
963,Lewis County,WV,14.07,84.325
964,Lexington city,VA,13.76,82.5
965,Lexington County,SC,14.67,88.46
966,Liberty County,TX,15.66,78.91333333
967,Licking County,OH,18.97,90.15
968,Limestone County,TX,13.89,79.65714286
969,Lincoln County,WY,14.02,119.0652174
970,Lincoln Parish,LA,12.48,85.84
971,Linn County,OR,19.78,90.21764706
972,Lipscomb County,TX,8.82,81.4
973,Litchfield County,CT,12.46,91.55
974,Little River County,AR,12.58,84.25
975,Live Oak County,TX,12.41,79.16666667
976,Livingston County,NY,11.81,86.32941176
977,Livingston Parish,LA,15.85,83.9
978,Llano County,TX,13.99,86.9
979,Logan County,WV,14.05,84.453125
980,Long County,GA,16.97,84.5
981,Lonoke County,AR,15.01,87.65
982,Lorain County,OH,17.31,89.025
983,Los Alamos County,NM,14.89,97.13333333
984,Los Angeles County,CA,23.4,76.875
985,Loudon County,TN,15.73,85.425
986,Loudoun County,VA,15.01,93.56666667
987,Louisa County,VA,13.31,82.57142857
988,Loup County,NE,4.59,94.55
989,Love County,OK,16.71,83.85
990,Lowndes County,MS,14.5,81.18
991,Lubbock County,TX,14.21,84.96666667
992,Lucas County,OH,19.01,90.5
993,Luce County,MI,18.37,86.425
994,Lumpkin County,GA,15.59,85.5
995,Luna County,NM,15.67,69.4
996,Lunenburg County,VA,18.64,75.1
997,Luzerne County,PA,16.06,87.76666667
998,Lycoming County,PA,14.27,87.34
999,Lyman County,SD,10.72,88.25
1000,Lynn County,TX,10.07,77
1001,Lyon County,NV,17.21,88.22352941
1002,Mackinac County,MI,13.56,88.525
1003,Macomb County,MI,19.34,89.2
1004,Macon County,TN,16.42,81.895
1005,Macoupin County,IL,15.77,88.5
1006,Madera County,CA,23.16,69.28333333
1007,Madison County,VA,13.41,86.465
1008,Madison Parish,LA,15.87,74.6
1009,Magoffin County,KY,15.61,68.76666667
1010,Mahaska County,IA,14.47,90
1011,Mahnomen County,MN,11.12,84.63333333
1012,Mahoning County,OH,17.76,88.68333333
1013,Major County,OK,16.18,86.65
1014,Malheur County,OR,17.72,80.03333333
1015,Manassas city,VA,14.99,81.5
1016,Manassas Park city,VA,15.2,82.3
1017,Manatee County,FL,14.96,87.8
1018,Manistee County,MI,22.29,90.3
1019,Manitowoc County,WI,14.5,90.3
1020,Marathon County,WI,14.51,89.925
1021,Marengo County,AL,16.83,83.425
1022,Maricopa County,AZ,23.89,86.31666667
1023,Maries County,MO,11.6,82.3
1024,Marin County,CA,20.92,92.625
1025,Marinette County,WI,14.19,89.54
1026,Marion County,WV,14.23,83.72653061
1027,Mariposa County,CA,18.21,89.42
1028,Marlboro County,SC,14.43,72.43333333
1029,Marquette County,WI,12.8,91.08
1030,Marshall County,WV,12.9,83.8212766
1031,Martin County,TX,13.24,81.31111111
1032,Martinsville city,VA,14.75,78.1
1033,Mason County,WV,14.42,84.83809524
1034,Massac County,IL,15.45,83.725
1035,Matagorda County,TX,14.08,77.26666667
1036,Matanuska-Susitna Borough,AK,19.02,92.26
1037,Mathews County,VA,11.75,88.55
1038,Maui County,HI,15.97,90.46
1039,Maury County,TN,15.06,86.83333333
1040,Maverick County,TX,16.69,57.18333333
1041,Mayes County,OK,15.5,85.65
1042,McClain County,OK,17.61,87.625
1043,McCone County,MT,11.41,93.1
1044,McCook County,SD,10.95,91.225
1045,McCormick County,SC,12.46,79.4
1046,McCracken County,KY,16.83,87.63333333
1047,McCreary County,KY,16.31,69.76666667
1048,McCulloch County,TX,11.04,77.93333333
1049,McCurtain County,OK,14.61,80.93333333
1050,McDonald County,MO,12.42,77.675
1051,McDonough County,IL,13.75,92.16666667
1052,McDowell County,WV,12.96,69.84285714
1053,McDuffie County,GA,15.38,76.475
1054,McHenry County,ND,10.54,90.97142857
1055,McIntosh County,OK,15.16,79.82727273
1056,McKean County,PA,13.7,89.125
1057,McKenzie County,ND,13.69,90.65
1058,McKinley County,NM,14.74,72.8
1059,McLean County,ND,10.78,90.47
1060,McLennan County,TX,14.39,82.7
1061,McLeod County,MN,15.28,91.13333333
1062,McMinn County,TN,16.44,80.71666667
1063,McMullen County,TX,11.04,75.95
1064,McNairy County,TN,13.25,78.73333333
1065,McPherson County,SD,7.57,85.525
1066,Meade County,SD,14.9,88.47272727
1067,Meagher County,MT,10.05,89.625
1068,Mecklenburg County,VA,13.46,86.3
1069,Mecosta County,MI,19.42,88.8
1070,Medina County,TX,14.76,84.2
1071,Meeker County,MN,15.03,91.26666667
1072,Meigs County,TN,14.33,79.97777778
1073,Mellette County,SD,9.65,83.46666667
1074,Menard County,TX,10.95,89.4
1075,Mendocino County,CA,19.24,86.65
1076,Menifee County,KY,16.08,72.76666667
1077,Menominee County,WI,8.87,88.81666667
1078,Merced County,CA,23.72,67.875
1079,Mercer County,WV,14.6,88.28636364
1080,Meriwether County,GA,13.5,73.6
1081,Merrick County,NE,11.36,91.575
1082,Merrimack County,NH,12.69,92.76666667
1083,Mesa County,CO,17.56,89.83333333
1084,Metcalfe County,KY,16.09,75.8
1085,Miami County,OH,17.19,90.13333333
1086,Miami-Dade County,FL,17.44,79.6
1087,Middlesex County,VA,14.16,90.6
1088,Midland County,TX,15.85,88.14444444
1089,Mifflin County,PA,13.41,81.55
1090,Milam County,TX,13.11,81.175
1091,Millard County,UT,20.57,88.05
1092,Mille Lacs County,MN,15.13,88.8
1093,Miller County,MO,13.39,83.18181818
1094,Mills County,TX,8.67,86.95
1095,Milwaukee County,WI,16.39,86.7
1096,Miner County,SD,11.36,89.575
1097,Mineral County,WV,14.24,90.7875
1098,Mingo County,WV,14.84,72.56666667
1099,Minidoka County,ID,17.48,78
1100,Minnehaha County,SD,15.57,91
1101,Missaukee County,MI,18.31,87.06666667
1102,Mississippi County,MO,12.16,75.4125
1103,Missoula County,MT,14.68,95.1
1104,Mitchell County,TX,12.07,82.79166667
1105,Mobile County,AL,18.82,84.575
1106,Modoc County,CA,14.75,85.2
1107,Moffat County,CO,17.12,90.55
1108,Mohave County,AZ,26.79,83.95
1109,Moniteau County,MO,12.48,83.3
1110,Monmouth County,NJ,11.27,92.7
1111,Mono County,CA,17.26,84.9
1112,Monona County,IA,12,89.375
1113,Monongalia County,WV,15.24,90.4
1114,Monroe County,WI,13.39,84.72459016
1115,Montague County,TX,11.61,81.7
1116,Montcalm County,MI,17.63,86.23333333
1117,Monterey County,CA,23.03,70.675
1118,Montezuma County,CO,15.97,90.03333333
1119,Montgomery County,VA,12.84,85.84833333
1120,Montmorency County,MI,17.01,84.76666667
1121,Montour County,PA,11.62,89.6
1122,Montrose County,CO,18.08,86.3
1123,Moody County,SD,11.79,90.8
1124,Moore County,TX,13.31,78.42727273
1125,Mora County,NM,9.23,83.83333333
1126,Morehouse Parish,LA,16.96,76.925
1127,Morgan County,WV,14.38,84.01666667
1128,Morrill County,NE,11.37,86.625
1129,Morris County,TX,12.04,86.92
1130,Morrison County,MN,15.02,89.4
1131,Morrow County,OR,17.29,80.55
1132,Morton County,ND,11.71,88.16666667
1133,Motley County,TX,9.57,86.15
1134,Moultrie County,IL,14.41,84.25
1135,Mountrail County,ND,12.37,91.03333333
1136,Mower County,MN,14.33,87
1137,Muhlenberg County,KY,16.61,77.66666667
1138,Multnomah County,OR,19.01,90.3
1139,Murray County,OK,17.08,80.04285714
1140,Muscatine County,IA,12.96,85.66
1141,Muscogee County,GA,16.52,85.32
1142,Muskegon County,MI,17.96,88.325
1143,Muskingum County,OH,17.89,86.56
1144,Muskogee County,OK,17.43,84.325
1145,Musselshell County,MT,12.48,88.14
1146,Nacogdoches County,TX,13.96,80.925
1147,Nance County,NE,11.2,89.025
1148,Nantucket County,MA,11.48,94.025
1149,Napa County,CA,21.68,82.975
1150,Nash County,NC,16.48,82.91666667
1151,Nassau County,NY,13.11,89.67
1152,Natchitoches Parish,LA,13.66,81.36
1153,Natrona County,WY,14.19,91.7
1154,Navajo County,AZ,18.29,80.925
1155,Navarro County,TX,13.95,77.23333333
1156,Nelson County,VA,13.22,87.8375
1157,Nemaha County,NE,13.06,92.96
1158,Neosho County,KS,14.39,90.36666667
1159,Neshoba County,MS,16.75,76.8
1160,Ness County,KS,9.01,90.8
1161,Nevada County,CA,20.1,88.52857143
1162,New Castle County,DE,14.91,89.86666667
1163,New Hanover County,NC,15.43,92
1164,New Haven County,CT,12.77,88.45
1165,New London County,CT,12.36,90.66666667
1166,New Madrid County,MO,11.52,75.6
1167,New York County,NY,13.7,86.8
1168,Newaygo County,MI,19.66,85.8
1169,Newberry County,SC,14.04,77.125
1170,Newport County,RI,11.99,92.5
1171,Newport News city,VA,16.09,89.05
1172,Newton County,TX,11.9,83.91818182
1173,Nez Perce County,ID,16.27,90.6
1174,Niagara County,NY,14.47,89.525
1175,Nicholas County,WV,13.51,80.02
1176,Nicollet County,MN,16.81,93.73333333
1177,Niobrara County,WY,12.66,90.36666667
1178,Noble County,OK,14.63,83.99
1179,Nobles County,MN,14.05,78.2
1180,Nodaway County,MO,10.32,90.95
1181,Nolan County,TX,12.79,78.3
1182,Nome Census Area,AK,11.7,84.6
1183,Norfolk city,VA,13.94,86.13333333
1184,Norfolk County,MA,13.4,93.775
1185,Norman County,MN,13,88.25
1186,North Slope Borough,AK,13.28,84.5
1187,Northumberland County,VA,12.55,85.66
1188,Northwest Arctic Borough,AK,15.97,78.9
1189,Norton city,VA,13.24,81.6
1190,Norton County,KS,12.08,87.5
1191,Nottoway County,VA,14.36,74.25
1192,Nowata County,OK,14.97,84.63333333
1193,Noxubee County,MS,15.66,65.7
1194,Nuckolls County,NE,11.32,93.5
1195,Nueces County,TX,15.82,79.5
1196,Nye County,NV,18.36,84.8
1197,O'Brien County,IA,13.57,90.53333333
1198,Oakland County,MI,18.1,93
1199,Obion County,TN,14.53,81.83333333
1200,Ocean County,NJ,12.01,89.98
1201,Oceana County,MI,16.99,84.56666667
1202,Ochiltree County,TX,11.75,73.8
1203,Oconee County,SC,13.8,85.77142857
1204,Oconto County,WI,13.34,89.725
1205,Ogemaw County,MI,19.1,84.01666667
1206,Oglala Lakota County,SD,14.17,77.85
1207,Ogle County,IL,14.31,88.2
1208,Oglethorpe County,GA,13.39,78.82
1209,Ohio County,WV,13.66,85.19090909
1210,Okaloosa County,FL,16.63,90.95
1211,Okanogan County,WA,19.65,82.7
1212,Okeechobee County,FL,16.06,70.625
1213,Okfuskee County,OK,14.45,79.86666667
1214,Oklahoma County,OK,18.37,85.96666667
1215,Okmulgee County,OK,15.94,86.83333333
1216,Oktibbeha County,MS,17.31,86.375
1217,Oldham County,TX,7.44,89.22857143
1218,Oliver County,ND,10.27,86.46666667
1219,Olmsted County,MN,15.46,94.2
1220,Oneida County,WI,13.27,89.3
1221,Onondaga County,NY,14.17,89.82
1222,Onslow County,NC,16.82,89.86666667
1223,Ontario County,NY,12.24,92.16666667
1224,Ontonagon County,MI,14.82,90.75
1225,Orange County,VA,14.16,88.12727273
1226,Orangeburg County,SC,15.13,83.3
1227,Oregon County,MO,11.3,78.65
1228,Orleans County,VT,10.91,85.8625
1229,Orleans Parish,LA,15.69,85.23333333
1230,Osage County,OK,15.68,88.8125
1231,Osborne County,KS,8.6,90.13333333
1232,Osceola County,MI,17.84,86.16666667
1233,Oscoda County,MI,16.69,82.325
1234,Oswego County,NY,13.26,86.5
1235,Otero County,NM,16.37,84.05
1236,Otoe County,NE,12.59,90.38
1237,Otsego County,NY,11.14,90
1238,Ottawa County,OK,16.28,89.69285714
1239,Otter Tail County,MN,15.66,90.475
1240,Ouachita County,AR,12.59,84.9
1241,Ouachita Parish,LA,14.21,84.45
1242,Ouray County,CO,9.68,98.1
1243,Outagamie County,WI,15.75,93.26666667
1244,Overton County,TN,15.56,78.65
1245,Owen County,KY,17.79,83.44
1246,Owsley County,KY,12.03,63
1247,Owyhee County,ID,17.4,74.8
1248,Oxford County,ME,11.92,89.4
1249,Ozark County,MO,10.54,82.23333333
1250,Ozaukee County,WI,15.9,95.95
1251,Pacific County,WA,16.68,87.76666667
1252,Page County,VA,14.53,80.41666667
1253,Palm Beach County,FL,14.88,87.625
1254,Palo Alto County,IA,13.33,91.55
1255,Palo Pinto County,TX,12.97,79.75
1256,Pamlico County,NC,13.49,85.86
1257,Panola County,TX,12.85,80.25
1258,Park County,WY,12.5,94.34166667
1259,Parke County,IN,12.96,85.2
1260,Parker County,TX,15.21,89.15
1261,Parmer County,TX,10.72,67.1
1262,Pasco County,FL,14.2,87.2
1263,Pasquotank County,NC,16,83.56666667
1264,Passaic County,NJ,12.6,82.01666667
1265,Patrick County,VA,13.64,77.33333333
1266,Paulding County,OH,15.57,88.7
1267,Pawnee County,OK,16.45,88.76923077
1268,Payette County,ID,18.81,84.075
1269,Payne County,OK,17.08,90.275
1270,Peach County,GA,15.8,83.7
1271,Pearl River County,MS,15.87,82.8
1272,Pecos County,TX,14.72,68.8
1273,Pembina County,ND,8.47,89.25
1274,Pemiscot County,MO,13.2,74
1275,Pend Oreille County,WA,15.78,88.63333333
1276,Pender County,NC,16.19,85.8
1277,Pendleton County,WV,10.86,81.3
1278,Pennington County,SD,16.34,91.63333333
1279,Penobscot County,ME,12.92,90.8
1280,Peoria County,IL,14.68,89.725
1281,Pepin County,WI,12.78,90.83333333
1282,Perkins County,SD,10.32,89.7125
1283,Perquimans County,NC,14.56,84.4
1284,Perry County,TN,12.34,81.22195122
1285,Pershing County,NV,11.4,78.36666667
1286,Person County,NC,15.37,82.925
1287,Petersburg Borough,AK,14.67,93.2
1288,Petersburg city,VA,14.4,78.3
1289,Petroleum County,MT,7.84,95.85
1290,Pettis County,MO,13.14,82.76666667
1291,Phelps County,NE,12.53,90.93333333
1292,Philadelphia County,PA,16.79,80.64
1293,Phillips County,MT,9.85,85.65
1294,Piatt County,IL,12.65,93.86666667
1295,Pickaway County,OH,17.53,84.7
1296,Pickens County,SC,16.75,81.52
1297,Pickett County,TN,13.24,77.2
1298,Pierce County,WI,15.78,87.93
1299,Pike County,PA,12.55,81.04242424
1300,Pima County,AZ,22.33,87.4
1301,Pinal County,AZ,28.38,84.7
1302,Pine County,MN,13.5,87.9
1303,Pinellas County,FL,15.42,88.4
1304,Pipestone County,MN,13.35,86.06666667
1305,Piscataquis County,ME,12.48,89.15
1306,Pitkin County,CO,13.09,95.35
1307,Pitt County,NC,15.19,87.225
1308,Pittsburg County,OK,15.95,83.86666667
1309,Pittsylvania County,VA,14.88,79.775
1310,Piute County,UT,11.97,85.75
1311,Placer County,CA,22.27,93.9
1312,Plaquemines Parish,LA,12.06,80.26666667
1313,Platte County,WY,9.39,90.75555556
1314,Pleasants County,WV,11.72,88.33333333
1315,Plumas County,CA,19.45,91.02
1316,Plymouth County,MA,13.96,92.21666667
1317,Pocahontas County,WV,11.17,88.55555556
1318,Poinsett County,AR,12.55,77.8
1319,Pointe Coupee Parish,LA,16.92,79.4
1320,Polk County,WI,14.18,84.75128205
1321,Pondera County,MT,11.36,89.25
1322,Pontotoc County,OK,15.02,79.96666667
1323,Pope County,MN,13.91,86.87692308
1324,Poquoson city,VA,13.78,93.41666667
1325,Portage County,WI,15.54,91.875
1326,Porter County,IN,18.03,91.73333333
1327,Portsmouth city,VA,15.78,83.35
1328,Posey County,IN,15.04,91.2
1329,Pottawatomie County,OK,16.3,91.01428571
1330,Pottawattamie County,IA,15.19,89.6
1331,Potter County,TX,14.34,86.1
1332,Powder River County,MT,9.77,93.8
1333,Powell County,MT,11.18,78.45
1334,Power County,ID,15.55,79.8
1335,Poweshiek County,IA,13.56,93.15
1336,Powhatan County,VA,14.11,83.33333333
1337,Prairie County,MT,8.61,83.01428571
1338,Pratt County,KS,15.09,89.76666667
1339,Preble County,OH,17.44,87.52
1340,Prentiss County,MS,13.77,75.025
1341,Presidio County,TX,12.17,55.32
1342,Presque Isle County,MI,17.6,87.96666667
1343,Preston County,WV,14.57,82.725
1344,Price County,WI,12.56,89.78
1345,Prince George County,VA,15.3,86.74
1346,Prince George's County,MD,14.77,85.68
1347,Prince of Wales-Hyder Census Area,AK,12.44,90.25
1348,Prince William County,VA,16.59,89.175
1349,Providence County,RI,13.63,81
1350,Prowers County,CO,14.1,80.73333333
1351,Pueblo County,CO,19.73,86.95
1352,Pulaski County,VA,14.6,84.388
1353,Pushmataha County,OK,14.59,81.6
1354,Putnam County,WV,14.39,87.678125
1355,Quay County,NM,12.57,80.125
1356,Queen Anne's County,MD,15.19,90.55
1357,Queens County,NY,15.22,80.36666667
1358,Quitman County,MS,12.85,68.88333333
1359,Rabun County,GA,13.47,83.9
1360,Radford city,VA,14,88.73333333
1361,Rains County,TX,13.32,82.31666667
1362,Raleigh County,WV,14.38,81.76
1363,Ralls County,MO,13.34,87.9
1364,Ramsey County,ND,11.67,89.51666667
1365,Randall County,TX,15.89,91.55
1366,Randolph County,WV,13.91,81.28181818
1367,Rankin County,MS,15.48,89.43333333
1368,Ransom County,ND,10.54,89.075
1369,Rapides Parish,LA,17.97,84.1
1370,Rappahannock County,VA,12.5,85.93333333
1371,Ravalli County,MT,14.61,91.6
1372,Rawlins County,KS,10.88,92.725
1373,Ray County,MO,14.22,88.33333333
1374,Reagan County,TX,10.88,66.9
1375,Real County,TX,11.84,79.86666667
1376,Red River County,TX,11.49,76.2
1377,Red River Parish,LA,12.03,77.46666667
1378,Red Willow County,NE,13.24,93.43333333
1379,Redwood County,MN,12.85,87.7
1380,Reeves County,TX,13.38,58.65
1381,Refugio County,TX,11.05,78.025
1382,Reno County,KS,13.52,88.06666667
1383,Rensselaer County,NY,12.78,90.325
1384,Renville County,ND,11.13,89.475
1385,Republic County,KS,11.89,94.125
1386,Reynolds County,MO,10.48,75.53333333
1387,Rhea County,TN,15.27,76.05
1388,Rice County,MN,14.59,89.51666667
1389,Rich County,UT,16.21,95.13333333
1390,Richardson County,NE,11.67,91.73333333
1391,Richland County,WI,12.63,89.07
1392,Richland Parish,LA,12.68,78.8
1393,Richmond city,VA,16.45,81.7
1394,Riley County,KS,13.68,94.9
1395,Ringgold County,IA,11.67,89.28
1396,Rio Arriba County,NM,15.18,82.85
1397,Rio Blanco County,CO,16.15,92
1398,Rio Grande County,CO,14.42,83.6
1399,Ripley County,MO,12.09,82.6
1400,Ritchie County,WV,13.01,80.825
1401,Riverside County,CA,24.33,79.7
1402,Roane County,WV,14.96,81
1403,Roanoke city,VA,15.38,83.05
1404,Roanoke County,VA,14.13,90.9
1405,Roberts County,TX,8.56,91.6
1406,Robertson County,TX,12.07,79.67
1407,Robeson County,NC,16.22,72.375
1408,Rock County,WI,14.74,90.02307692
1409,Rock Island County,IL,16.41,87.55
1410,Rockbridge County,VA,12.72,86
1411,Rockcastle County,KY,15.31,74.55
1412,Rockdale County,GA,14.91,86.1
1413,Rockingham County,VA,14.77,88.61428571
1414,Rockland County,NY,14.21,87.5
1415,Rockwall County,TX,16.12,91.4
1416,Roger Mills County,OK,9.61,89.725
1417,Rogers County,OK,16.61,91.2
1418,Rolette County,ND,9.77,82.73333333
1419,Rooks County,KS,9.74,91.7
1420,Roosevelt County,NM,14.19,83.77142857
1421,Roscommon County,MI,15.83,86.425
1422,Roseau County,MN,14.38,89.35
1423,Ross County,OH,18.17,83.86
1424,Routt County,CO,14.21,96.9
1425,Rowan County,NC,15.21,80.65714286
1426,Runnels County,TX,11.17,78.775
1427,Rush County,KS,10.73,87.22857143
1428,Rusk County,WI,12.72,81.9
1429,Russell County,VA,18.64,79.80909091
1430,Rutherford County,TN,15.44,86.2
1431,Rutland County,VT,11.53,90.8
1432,Sabine County,TX,12.1,85.4
1433,Sabine Parish,LA,15.44,81.65
1434,Sac County,IA,12.92,91.1
1435,Sacramento County,CA,23.2,85.925
1436,Sagadahoc County,ME,11.95,92.56666667
1437,Saginaw County,MI,18.45,87.56
1438,Saguache County,CO,11.9,78.225
1439,Salem city,VA,14.78,89.13333333
1440,Salem County,NJ,11.55,86.23333333
1441,Saline County,NE,13.51,85.85882353
1442,Salt Lake County,UT,24.15,89.43333333
1443,Saluda County,SC,15.26,77.325
1444,Sampson County,NC,15.73,75.45
1445,San Augustine County,TX,11.27,79.9
1446,San Benito County,CA,23.47,77
1447,San Bernardino County,CA,24.16,78.3
1448,San Diego County,CA,23.29,85.9
1449,San Francisco County,CA,21.48,86.46666667
1450,San Jacinto County,TX,14.97,80.34
1451,San Joaquin County,CA,24.27,77.86666667
1452,San Juan County,WA,16.41,87.89090909
1453,San Luis Obispo County,CA,22.19,89.33333333
1454,San Mateo County,CA,21.75,88.425
1455,San Miguel County,NM,16.42,82.025
1456,San Patricio County,TX,14.5,77.2
1457,San Saba County,TX,9.8,79.16
1458,Sanborn County,SD,10.05,88.525
1459,Sanders County,MT,11.81,87.65
1460,Sandoval County,NM,15.52,90.53333333
1461,Sandusky County,OH,16.43,89.53333333
1462,Sangamon County,IL,15.36,92.35
1463,Sanilac County,MI,18.62,86.675
1464,Sanpete County,UT,21.68,89
1465,Santa Barbara County,CA,22.75,79.85
1466,Santa Clara County,CA,22.87,86.8
1467,Santa Cruz County,CA,23.79,78.33333333
1468,Santa Fe County,NM,16.4,87.475
1469,Santa Rosa County,FL,15.48,89.575
1470,Sarasota County,FL,13.84,92.6
1471,Saratoga County,NY,14.1,93.96666667
1472,Sargent County,ND,8.21,90.225
1473,Sarpy County,NE,15.26,94.93333333
1474,Sauk County,WI,14.32,89.775
1475,Saunders County,NE,13.09,93.2
1476,Sawyer County,WI,13.89,89.95
1477,Schenectady County,NY,14.66,90.25
1478,Schleicher County,TX,9.92,76.175
1479,Schley County,GA,15.41,79.05
1480,Schoharie County,NY,11.41,87.825
1481,Schoolcraft County,MI,18.21,88.45
1482,Schuyler County,NY,12.19,87.4875
1483,Schuylkill County,PA,13.71,86.8
1484,Scioto County,OH,16.79,82.45
1485,Scotland County,NC,14.65,79.48
1486,Scott County,VA,14.61,85.02857143
1487,Scotts Bluff County,NE,14.32,86.675
1488,Screven County,GA,14.51,78.56
1489,Scurry County,TX,14.09,77.48
1490,Sebastian County,AR,14.6,81.95
1491,Sedgwick County,KS,15.77,88.28571429
1492,Seminole County,OK,15.29,86.52727273
1493,Seneca County,OH,17.55,86.64285714
1494,Sequatchie County,TN,15.1,79.3
1495,Sequoyah County,OK,15.64,81.45
1496,Sevier County,UT,21.75,80.54
1497,Seward County,NE,13.93,74.41666667
1498,Shackelford County,TX,10.33,85.26666667
1499,Sharkey County,MS,16.93,74.66666667
1500,Sharp County,AR,12.05,83.13333333
1501,Shasta County,CA,21.58,88.7
1502,Shawano County,WI,13.56,89.25
1503,Shawnee County,KS,13.44,90.75
1504,Sheboygan County,WI,14.74,90.96666667
1505,Shelby County,TX,12.71,87.77241379
1506,Shenandoah County,VA,13.4,84.73333333
1507,Sherburne County,MN,17.74,94.1
1508,Sheridan County,WY,12.69,90.34166667
1509,Sherman County,TX,11.46,86.4
1510,Shiawassee County,MI,19.09,90.62
1511,Shoshone County,ID,14.35,85.4
1512,Sibley County,MN,13.52,88.675
1513,Sierra County,NM,14.76,86.7
1514,Silver Bow County,MT,15.49,90.96666667
1515,Simpson County,MS,15.98,80.93333333
1516,Sioux County,ND,8.41,88.4125
1517,Siskiyou County,CA,16.82,88.58
1518,Sitka City and Borough,AK,14.04,92.4
1519,Skagit County,WA,17.61,88.28
1520,Skagway Municipality,AK,9.43,96.9
1521,Skamania County,WA,18.76,90.5
1522,Slope County,ND,5.24,89.36666667
1523,Smith County,TX,14.72,83.19333333
1524,Smyth County,VA,14.07,78.98333333
1525,Snohomish County,WA,20.29,91.25
1526,Snyder County,PA,15.25,82.65
1527,Socorro County,NM,14.01,76.8
1528,Solano County,CA,24.15,86.7
1529,Somerset County,PA,12.44,87.18333333
1530,Somervell County,TX,13.83,83.96666667
1531,Sonoma County,CA,21.19,87.03333333
1532,Southampton County,VA,15.91,78.975
1533,Southeast Fairbanks Census Area,AK,15.09,91.725
1534,Spalding County,GA,15.93,79.1
1535,Spartanburg County,SC,14.48,81.96
1536,Spencer County,KY,18.08,87.4
1537,Spink County,SD,11.46,88.56
1538,Spokane County,WA,17.67,92.95
1539,Spotsylvania County,VA,17.1,89.175
1540,St. Bernard Parish,LA,12.84,80.7
1541,St. Charles County,MO,14.81,93.66
1542,St. Charles Parish,LA,13.65,86.4
1543,St. Clair County,MO,11.59,85.56
1544,St. Croix County,WI,15.68,94.96666667
1545,St. Francis County,AR,15.22,76.86666667
1546,St. Francois County,MO,14.52,80.7
1547,St. Helena Parish,LA,16.7,79.2
1548,St. James Parish,LA,12.93,83.2
1549,St. John the Baptist Parish,LA,15.96,82.575
1550,St. Johns County,FL,16.5,92.75
1551,St. Joseph County,MI,18.63,85.66666667
1552,St. Landry Parish,LA,16.8,76.4
1553,St. Lawrence County,NY,13.75,87.5
1554,St. Louis city,MO,12.7,83.2
1555,St. Louis County,MO,14.75,92.65
1556,St. Lucie County,FL,16.77,85.25
1557,St. Martin Parish,LA,19.02,77.2
1558,St. Mary Parish,LA,15.79,74.5
1559,St. Mary's County,MD,17.82,90.06
1560,St. Tammany Parish,LA,16.38,88.5
1561,Stafford County,VA,17.39,89.21666667
1562,Stanislaus County,CA,24.94,76.93333333
1563,Stanley County,SD,11.73,90.45
1564,Stanly County,NC,14.76,81.9
1565,Stanton County,NE,12.03,81.83333333
1566,Stark County,OH,18.97,88.8625
1567,Starke County,IN,16.62,80.7
1568,Starr County,TX,13.98,46.8
1569,Staunton city,VA,11.72,86.86666667
1570,Ste. Genevieve County,MO,12.92,84.6
1571,Stearns County,MN,15.21,91.95
1572,Steele County,ND,5.73,91.4
1573,Stephens County,TX,13.14,82.04
1574,Stephenson County,IL,13.59,89.6
1575,Sterling County,TX,11.58,76.05
1576,Steuben County,NY,11.82,88.81428571
1577,Stevens County,WA,16.75,87.65555556
1578,Stewart County,TN,16.38,70.5
1579,Stillwater County,MT,11.95,93.1
1580,Stoddard County,MO,13.75,78.45
1581,Stokes County,NC,14.09,80.9
1582,Stone County,MO,12.23,82.01818182
1583,Stonewall County,TX,10.6,82.9
1584,Storey County,NV,13.18,92.66666667
1585,Story County,IA,15.17,95.875
1586,Strafford County,NH,12.8,91
1587,Stutsman County,ND,11.42,89.45
1588,Sublette County,WY,12.43,94.5
1589,Suffolk city,VA,14.82,87.75
1590,Suffolk County,NY,14.15,88.06666667
1591,Sullivan County,TN,15.61,86.16842105
1592,Sully County,SD,9.76,91.5
1593,Summers County,WV,13.98,79.7
1594,Summit County,UT,21.11,92.75
1595,Sumner County,TN,15.86,89.2125
1596,Sumter County,SC,15.72,81.47
1597,Sunflower County,MS,15.7,71.23333333
1598,Surry County,VA,9.12,78.11666667
1599,Susquehanna County,PA,12.41,88.36
1600,Sussex County,VA,12.16,83.44
1601,Sutter County,CA,20.7,78.48
1602,Sutton County,TX,9.97,74.4
1603,Suwannee County,FL,15.85,79.08
1604,Swain County,NC,15.14,80.86666667
1605,Sweet Grass County,MT,12.49,92.4
1606,Sweetwater County,WY,13.13,90.5
1607,Swift County,MN,14.23,88.13333333
1608,Swisher County,TX,10.76,77.425
1609,Switzerland County,IN,15.71,82
1610,Talbot County,MD,14.44,82.71111111
1611,Taliaferro County,GA,6.71,64.56666667
1612,Talladega County,AL,17.47,78.15
1613,Tallapoosa County,AL,16.98,79.375
1614,Tama County,IA,13.22,90.63333333
1615,Taney County,MO,14.13,86.33333333
1616,Tangipahoa Parish,LA,12.9,80.6
1617,Taos County,NM,13.67,87.875
1618,Tarrant County,TX,15.49,84.56
1619,Tate County,MS,16.53,80.325
1620,Tattnall County,GA,15.05,73.85
1621,Taylor County,WI,14.95,82.88518519
1622,Tazewell County,VA,16.72,85.78571429
1623,Tehama County,CA,27.27,81.25
1624,Telfair County,GA,15.81,73.7
1625,Teller County,CO,17.07,93.5
1626,Tensas Parish,LA,9.88,75.4
1627,Terrebonne Parish,LA,14.83,75.125
1628,Terrell County,TX,9.29,75.68
1629,Terry County,TX,12.99,68.25
1630,Teton County,WY,12.33,92.33333333
1631,Texas County,OK,15.22,79.025
1632,Thayer County,NE,10.1,91.75
1633,Thomas County,NE,7.2,89.65555556
1634,Throckmorton County,TX,9.2,81
1635,Thurston County,WA,19.16,89.425
1636,Tift County,GA,15.53,77.96666667
1637,Tillamook County,OR,18.14,89.08
1638,Tillman County,OK,14.75,76.66666667
1639,Tioga County,PA,12.83,89.85714286
1640,Tippah County,MS,14.28,75.53333333
1641,Tippecanoe County,IN,18.23,90.5
1642,Tipton County,TN,16.11,87.35
1643,Tishomingo County,MS,14.91,77.8
1644,Titus County,TX,13.83,72.4
1645,Todd County,SD,13.7,80.93
1646,Tolland County,CT,11.61,93.1
1647,Tom Green County,TX,15.04,83.25
1648,Tompkins County,NY,11.43,93.93333333
1649,Tooele County,UT,25.31,91.62
1650,Toole County,MT,10.35,86.1
1651,Toombs County,GA,14.43,79.2
1652,Torrance County,NM,15.53,81.35
1653,Towner County,ND,11.96,90.75
1654,Towns County,GA,12.37,88.5
1655,Traill County,ND,10.93,91.15
1656,Transylvania County,NC,12.66,87.775
1657,Traverse County,MN,11.67,89.675
1658,Travis County,TX,14.8,87.8
1659,Treasure County,MT,4.63,89.3
1660,Trego County,KS,12.26,91.06666667
1661,Trempealeau County,WI,13.35,87.675
1662,Treutlen County,GA,14.97,77
1663,Trigg County,KY,17.08,84.2
1664,Trimble County,KY,17.58,81.8
1665,Trinity County,TX,12.08,87.96
1666,Tripp County,SD,12.67,87.16666667
1667,Troup County,GA,16.21,82.725
1668,Trousdale County,TN,14.68,78.275
1669,Trumbull County,OH,16.4,88
1670,Tucker County,WV,12.46,85
1671,Tulare County,CA,23.57,67.96
1672,Tulsa County,OK,17.84,88.46
1673,Tuolumne County,CA,19.3,89.525
1674,Turner County,SD,12.38,79.74
1675,Tuscaloosa County,AL,17.64,86.15
1676,Tuscarawas County,OH,18.43,85.9
1677,Tuscola County,MI,19.01,87.725
1678,Twiggs County,GA,13.33,66.95
1679,Twin Falls County,ID,18.62,84.875
1680,Tyler County,WV,12.64,84.32857143
1681,Tyrrell County,NC,12.7,71.1
1682,Uinta County,WY,12.45,89.5
1683,Uintah County,UT,24.5,86.8
1684,Ulster County,NY,13.42,89
1685,Umatilla County,OR,18.85,82.2
1686,Unicoi County,TN,15.17,78
1687,Union County,TN,15.77,84.58148148
1688,Union Parish,LA,13.14,84.4
1689,Upshur County,WV,14.1,83.11428571
1690,Upson County,GA,15.81,76.83333333
1691,Upton County,TX,10.92,76
1692,Utah County,UT,26.21,93.3
1693,Uvalde County,TX,14.46,69.325
1694,Val Verde County,TX,16.38,65.825
1695,Valdez-Cordova Census Area,AK,13.42,92.65
1696,Valencia County,NM,17.71,81.55
1697,Valley County,NE,11.85,92.97777778
1698,Van Buren County,TN,13.74,83.84666667
1699,Van Wert County,OH,14.01,91.1
1700,Van Zandt County,TX,13.71,80.61666667
1701,Vance County,NC,14.33,75.56666667
1702,Vanderburgh County,IN,13.14,88.53333333
1703,Venango County,PA,14.01,88.95
1704,Ventura County,CA,23.08,82.9
1705,Vermilion County,IL,15.37,86.4
1706,Vermilion Parish,LA,14.15,75.93333333
1707,Vermillion County,IN,14.62,88.86666667
1708,Vernon County,WI,13.14,86.91428571
1709,Vernon Parish,LA,12.04,86.975
1710,Victoria County,TX,14.04,81.95
1711,Vigo County,IN,17.71,86.6
1712,Vilas County,WI,11.33,92.5
1713,Vinton County,OH,14.39,78.875
1714,Virginia Beach City County,VA,17.24,93.2
1715,Volusia County,FL,15.24,88.18
1716,Wabash County,IN,17.24,88.01666667
1717,Wabasha County,MN,14.27,91.825
1718,Wabaunsee County,KS,11.14,94.76666667
1719,Wadena County,MN,13.78,88.66666667
1720,Wagoner County,OK,17.28,88.83333333
1721,Wahkiakum County,WA,17.33,92.5
1722,Wake County,NC,16.16,91.925
1723,Wakulla County,FL,16.87,87
1724,Waldo County,ME,11.96,90.95
1725,Walker County,TX,16.96,79.52727273
1726,Walla Walla County,WA,16.43,88.1
1727,Wallace County,KS,8.71,89.6
1728,Waller County,TX,15.13,78.65
1729,Wallowa County,OR,13.65,93.23333333
1730,Walsh County,ND,10.24,86.55
1731,Walthall County,MS,16.65,75.9
1732,Walton County,GA,16.7,84.57142857
1733,Walworth County,WI,14.38,88.86666667
1734,Wapello County,IA,14.98,84.96
1735,Ward County,TX,15.58,89.62
1736,Ware County,GA,15.59,81.46666667
1737,Warren County,VA,14.67,86.58297872
1738,Warrick County,IN,18.48,92.31666667
1739,Wasatch County,UT,23.79,91.15
1740,Wasco County,OR,18.99,85
1741,Waseca County,MN,14.83,91.36666667
1742,Washakie County,WY,11.11,89.175
1743,Washburn County,WI,13.01,90.5
1744,Washington County,WI,16.48,85.69528302
1745,Washington Parish,LA,13.14,76.7
1746,Washita County,OK,13.69,85.76
1747,Washoe County,NV,19.19,86.65
1748,Washtenaw County,MI,17.9,94.26666667
1749,Watauga County,NC,12.49,88.5
1750,Watonwan County,MN,13.64,84.125
1751,Waukesha County,WI,16.19,95.73333333
1752,Waupaca County,WI,14,89.63333333
1753,Waushara County,WI,13.22,86.32
1754,Wayne County,WV,13.85,83.49583333
1755,Waynesboro city,VA,14.48,85.6
1756,Weakley County,TN,14.83,83.575
1757,Webb County,TX,16.98,65
1758,Weber County,UT,24.32,89.15
1759,Webster County,WV,13.98,79.24782609
1760,Webster Parish,LA,16.85,80.2
1761,Weld County,CO,18.03,85.85
1762,Wells County,ND,11.85,87.8375
1763,West Baton Rouge Parish,LA,13.46,83.72
1764,West Carroll Parish,LA,12.63,73.42
1765,West Feliciana Parish,LA,11.8,74.875
1766,Westchester County,NY,14.15,87.5
1767,Westmoreland County,VA,13.72,86.7
1768,Weston County,WY,10.28,89.75
1769,Wetzel County,WV,11.54,83.36666667
1770,Wexford County,MI,17.98,88.8
1771,Wharton County,TX,14.42,75.78
1772,Whatcom County,WA,18.91,90.95
1773,Wheatland County,MT,8.61,79.3
1774,Wheeler County,TX,9.08,85.56923077
1775,White County,TN,16.41,83.61333333
1776,White Pine County,NV,17.75,84.23333333
1777,Whiteside County,IL,15.11,87.43333333
1778,Whitfield County,GA,15.29,68.35
1779,Whitley County,KY,15.5,83.21666667
1780,Whitman County,WA,16.01,95.73333333
1781,Wibaux County,MT,8.51,84.8
1782,Wichita County,TX,13.62,82.2
1783,Wicomico County,MD,13.5,86.45
1784,Wilbarger County,TX,12.26,77.1
1785,Wilcox County,GA,15.09,75.02857143
1786,Wilkes County,NC,16.2,76.01666667
1787,Wilkin County,MN,14.44,90.3
1788,Wilkinson County,MS,17.35,77.04
1789,Will County,IL,15.99,90.38
1790,Willacy County,TX,13.87,62.26666667
1791,Williams County,OH,16.21,89.14285714
1792,Williamsburg city,VA,15.14,92.95
1793,Williamsburg County,SC,16.02,78.83333333
1794,Williamson County,TX,14.57,93.11818182
1795,Wilson County,TX,14.95,83.73571429
1796,Winchester city,VA,13.24,83.85
1797,Windham County,VT,12.49,89.93333333
1798,Windsor County,VT,11.25,92.4
1799,Winkler County,TX,14.21,69.325
1800,Winn Parish,LA,13.09,76.9
1801,Winnebago County,WI,14.58,89.26363636
1802,Winneshiek County,IA,13.52,92.95
1803,Winona County,MN,13.85,92.05
1804,Winston County,MS,15.15,75.56666667
1805,Wirt County,WV,13.49,85.075
1806,Wise County,VA,14.58,78
1807,Wolfe County,KY,14.79,63.35
1808,Wood County,WI,15.58,89.25
1809,Woodbury County,IA,15.37,85.6
1810,Woodford County,KY,17.46,90.64
1811,Woodruff County,AR,10.54,74
1812,Woods County,OK,11.27,87.9
1813,Woodson County,KS,13.56,89.66666667
1814,Woodward County,OK,15.69,86.1
1815,Worcester County,MA,14.04,89.21666667
1816,Worth County,MO,11.37,84.25555556
1817,Wrangell City and Borough,AK,13.2,89.9
1818,Wright County,MO,12.55,89.39090909
1819,Wyandot County,OH,16.95,88.425
1820,Wyandotte County,KS,15.05,78.36666667
1821,Wyoming County,WV,13.39,84.25384615
1822,Wythe County,VA,15.24,81.9
1823,Yadkin County,NC,14.61,77.96666667
1824,Yakima County,WA,18.72,71.62
1825,Yakutat City and Borough,AK,11.49,92.825
1826,Yalobusha County,MS,13.11,77.7
1827,Yamhill County,OR,19.01,87.75
1828,Yancey County,NC,12.76,82.9
1829,Yankton County,SD,16.19,91.85
1830,Yates County,NY,10.42,85.5
1831,Yavapai County,AZ,23.3,89.76666667
1832,Yazoo County,MS,16.56,75.23333333
1833,Yell County,AR,13.53,74.025
1834,Yellow Medicine County,MN,12.9,90.175
1835,Yellowstone County,MT,16.04,92.75
1836,Yoakum County,TX,13.19,71.23333333
1837,Yolo County,CA,22.31,84.875
1838,York County,VA,15.96,90.32941176
1839,Young County,TX,13.31,80
1840,Yuba County,CA,22.15,79.925
1841,Yukon-Koyukuk Census Area,AK,16.38,81.02
1842,Yuma County,CO,12.76,80.08888889
1843,Zapata County,TX,14.94,52.43333333
1844,Zavala County,TX,12.56,58.95
,Cook County,IL,19,84.6
,Clark County,NV,20,84.1
,Hillsborough County,FL,12,87.65
,Orange County,FL,16,87.375
,Montgomery County,MD,15,91.23333333
,Charlotte/Mecklenburg,NC,15.31,89.08
,Duval County,FL,18,88.9
,Shelby County,TN,16,86.4
,Polk County,FL,15,83.53333333
,DeKalb County,GA,15,88.4
,Jefferson County,KY,16,88.175
,Fulton County,GA,15,90.6
,Lee County,FL,15,87
,Forth Worth,TX,15,86.7
,Jefferson County,CO,18,93.725
,Seminole County,FL,14,91.9
,Douglas County,CO,20,97.5
,Osceola County,FL,16,85
,Knox County,TN,16,89.5
,Montgomery County,TX,16,86.325
,Howard County,MD,13,95.25
,Forsyth County,NC,15,87.6
,Orange County,CA,26,84
,Clayton County,GA,17,82.5
,Suffolk County,MA,32,84.3
,Denton County,TX,15,92
,Douglas County,NE,15,89.5
,Klein County,TX,12,92.1
,Cumberland County,NC,15,89.5
,Franklin County,OH,19,88